{"accuracy": [0.8427643179893494, 0.9387041926383972, 0.9510337114334106, 0.95686274766922, 0.9637468457221985, 0.9635336995124817, 0.9684889316558838, 0.9710997343063354, 0.9714940190315247, 0.9744565486907959, 0.9746483564376831, 0.9748508334159851, 0.9769394993782043, 0.9766517877578735, 0.9780371189117432, 0.9775575399398804, 0.9797953963279724, 0.979880690574646, 0.9802749752998352, 0.9799233078956604, 0.9865303039550781, 0.9899190068244934, 0.9915814399719238, 0.9923700094223022, 0.9933717250823975, 0.9938405752182007, 0.9943521022796631, 0.9944693446159363, 0.9951726198196411, 0.9957693815231323, 0.9960251450538635, 0.9960677623748779, 0.9959931969642639, 0.9963555335998535, 0.9966645240783691], "val_accuracy": [0.9803744554519653, 0.9917271137237549, 0.9925724864006042, 0.9931763410568237, 0.9947463870048523, 0.9958937764167786, 0.9957729578018188, 0.9963164329528809, 0.9967995285987854, 0.9969807267189026, 0.9967391490936279, 0.9965580105781555, 0.9969807267189026, 0.9967391490936279, 0.9968599677085876, 0.9974638223648071, 0.997826099395752, 0.9980072975158691, 0.9981280565261841, 0.9978864789009094, 0.998913049697876, 0.9990942478179932, 0.9989734888076782, 0.9992150068283081, 0.999335765838623, 0.9990942478179932, 0.9993961453437805, 0.999335765838623, 0.9995773434638977, 0.9993961453437805, 0.9994565844535828, 0.9995773434638977, 0.9995169639587402, 0.9993961453437805, 0.9993961453437805], "loss": [0.4897257387638092, 0.18979325890541077, 0.15288501977920532, 0.13722237944602966, 0.11736740916967392, 0.11762472987174988, 0.10419842600822449, 0.09670992195606232, 0.09655777364969254, 0.08701945096254349, 0.08749015629291534, 0.08570685237646103, 0.07983990758657455, 0.08360705524682999, 0.07745714485645294, 0.07963033765554428, 0.07448337972164154, 0.07230458408594131, 0.07464195787906647, 0.07270561158657074, 0.05019713565707207, 0.035348471254110336, 0.028664708137512207, 0.02844185195863247, 0.0237344391644001, 0.02093917317688465, 0.019527772441506386, 0.01984419673681259, 0.01790437661111355, 0.014845067635178566, 0.0142532242462039, 0.013182062655687332, 0.013081043027341366, 0.01241101510822773, 0.01255334634333849], "val_loss": [0.05941201001405716, 0.02734259143471718, 0.0230503398925066, 0.01835915818810463, 0.014808635227382183, 0.012779805809259415, 0.01316913217306137, 0.010846249759197235, 0.009502165950834751, 0.009610778652131557, 0.010226486250758171, 0.009235174395143986, 0.009365838021039963, 0.009040975011885166, 0.009799049235880375, 0.008165108039975166, 0.007265148684382439, 0.005763431079685688, 0.0066459039226174355, 0.00574816158041358, 0.0036292457953095436, 0.0025759534910321236, 0.0029173833318054676, 0.002127659972757101, 0.001917051151394844, 0.0019407205982133746, 0.0016220948891714215, 0.001664979849010706, 0.0014902787515893579, 0.0019540050998330116, 0.0016008344246074557, 0.001181593630462885, 0.0011927231680601835, 0.00132225442212075, 0.0012749375309795141], "frozen_epochs": 20}