{"accuracy": [0.7889493107795715, 0.8874040842056274, 0.9085677862167358, 0.9188193082809448, 0.9265238642692566, 0.9317881464958191, 0.9346973896026611, 0.9392796158790588, 0.9418691396713257, 0.9427003264427185, 0.9454710483551025, 0.948167085647583, 0.949925422668457, 0.9512148499488831, 0.9526534676551819, 0.9622762203216553, 0.9663150310516357, 0.9679880738258362, 0.9695439338684082, 0.9710251688957214, 0.9691389799118042, 0.9755967855453491, 0.9791666865348816, 0.981852114200592, 0.9838022589683533, 0.9854859709739685, 0.9856351613998413, 0.9872762560844421, 0.9880328178405762, 0.9888320565223694, 0.9892050623893738, 0.9899510145187378, 0.9903132915496826, 0.9914748668670654, 0.991304337978363, 0.9918265342712402, 0.992039680480957, 0.991975724697113, 0.9945012927055359, 0.9950021505355835], "val_accuracy": [0.9591183662414551, 0.9772947430610657, 0.9829106330871582, 0.9849637746810913, 0.9867150187492371, 0.9889492988586426, 0.9889492988586426, 0.9900966286659241, 0.9896135330200195, 0.9911231994628906, 0.9931159615516663, 0.9938406348228455, 0.9920290112495422, 0.9925121068954468, 0.9931763410568237, 0.9950483441352844, 0.9952898621559143, 0.9957125782966614, 0.9945048689842224, 0.9946860074996948, 0.9939613938331604, 0.9923913478851318, 0.9968599677085876, 0.996497631072998, 0.9969807267189026, 0.9974034428596497, 0.9966787695884705, 0.9973430037498474, 0.9979469180107117, 0.997826099395752, 0.997826099395752, 0.9983091950416565, 0.9984300136566162, 0.9987319111824036, 0.9987319111824036, 0.9986111521720886, 0.9989734888076782, 0.998792290687561, 0.9991546273231506, 0.9991546273231506], "loss": [0.66765958070755, 0.35446256399154663, 0.2939433455467224, 0.26290085911750793, 0.24490077793598175, 0.2301100790500641, 0.22385291755199432, 0.20922373235225677, 0.1996985226869583, 0.19893909990787506, 0.19053427875041962, 0.18317098915576935, 0.18136897683143616, 0.17229102551937103, 0.17076238989830017, 0.1316879838705063, 0.11837439239025116, 0.11361809819936752, 0.10691134631633759, 0.10277973860502243, 0.10871245712041855, 0.08491747081279755, 0.07293189316987991, 0.062056347727775574, 0.0588342547416687, 0.050342053174972534, 0.04978000000119209, 0.044916313141584396, 0.04284340515732765, 0.03987913578748703, 0.03753187507390976, 0.03540394455194473, 0.03298288211226463, 0.02961496077477932, 0.0315212719142437, 0.02910761721432209, 0.027662519365549088, 0.029304631054401398, 0.020124323666095734, 0.01688157394528389], "val_loss": [0.12283185869455338, 0.0694999024271965, 0.05290849879384041, 0.04650087282061577, 0.04057136923074722, 0.03501029685139656, 0.03295591101050377, 0.030971037223935127, 0.029958870261907578, 0.02618771605193615, 0.022465093061327934, 0.021476082503795624, 0.02466466650366783, 0.022843608632683754, 0.02199697494506836, 0.0158214308321476, 0.014564172364771366, 0.014478231780230999, 0.015359984710812569, 0.014529231935739517, 0.017545120790600777, 0.020332546904683113, 0.010459339246153831, 0.011166010051965714, 0.009375947527587414, 0.008215399459004402, 0.01013923529535532, 0.010106750763952732, 0.00663114245980978, 0.005555098410695791, 0.006307981908321381, 0.004983323626220226, 0.0035408688709139824, 0.0047969999723136425, 0.0032714165281504393, 0.0035553686320781708, 0.004254046827554703, 0.003316077869385481, 0.0024965510237962008, 0.0023532863706350327], "frozen_epochs": 20}